{
  "schema": "claim_registry.record.v1",
  "record_id": "11e5db5efe50a01f577dba7bff94e0a442a4bda63f9cd227109817f34555300f",
  "observed_at": "2025-12-16T22:30:00Z",
  "claim_text": "Sample claim for self-test",
  "claim_text_sha256": "4f271a5d45c7af05b3ec3d5aed8fef9c5e65579452c7ee8be300dbe6f8284b8b",
  "source_url": "https://example.invalid",
  "platform": "Example",
  "notes": "rebuild test",
  "attachments": [
    {
      "file": "demo_page.html",
      "sha256": "085c20c564314ca1f87a81fc306def632061ef57bf28af98bb6cc76109628106"
    },
    {
      "file": "demo_screenshot.txt",
      "sha256": "da22092c96879ec8634ecb20a39cebef2774d9add22cf7271ed1a48a3add0214"
    }
  ],
  "prev_record_hash": "0000000000000000000000000000000000000000000000000000000000000000",
  "record_json_hash": "1a370f76a4efc4ced498980c9831ad87e34691d59383c21b5db7c055f9240334"
}
