{
  "schema": "claim_registry.record.v1",
  "record_id": "ab1985da8135d6a7f32e14bb88a452779fe5e8e022d183ac584756f625fee9e2",
  "observed_at": "2025-12-16T22:30:00Z",
  "claim_text": "Example claim: A platform displayed a false summary of the site content.",
  "claim_text_sha256": "bbf50710ded0b0045f1f10384f16d3ca4cf1e4b9a737e7dfc0de06ab76f636a6",
  "source_url": "https://example.invalid/ai-overview",
  "platform": "ExampleSearch",
  "notes": "Captured during testing.",
  "attachments": [
    {
      "file": "demo_page.html",
      "sha256": "085c20c564314ca1f87a81fc306def632061ef57bf28af98bb6cc76109628106"
    },
    {
      "file": "demo_screenshot.txt",
      "sha256": "da22092c96879ec8634ecb20a39cebef2774d9add22cf7271ed1a48a3add0214"
    }
  ],
  "prev_record_hash": "0000000000000000000000000000000000000000000000000000000000000000",
  "record_json_hash": "da56f8420faec80cee24b8a072b67496782f45c685920b9e39c5ad9782ba682a"
}
