{
  "schema": "claim_registry.record.v1",
  "record_id": "6d35a87e91f2a1e0a06880a9706f088706a2b7bf270abea6823ddecbbd8a2ca4",
  "observed_at": "2025-12-17T01:05:00Z",
  "claim_text": "Example claim: The summary was removed after a report was filed.",
  "claim_text_sha256": "287ba84b100bbef70e23652b3a201360bddd47cc87d9891ec0bdae0fe9494469",
  "source_url": "https://example.invalid/ai-overview",
  "platform": "ExampleSearch",
  "notes": "Follow-up observation.",
  "attachments": [],
  "prev_record_hash": "da56f8420faec80cee24b8a072b67496782f45c685920b9e39c5ad9782ba682a",
  "record_json_hash": "1fc7340393854eceb77e0131c4a92ea2a4669cc15d8a2fb70405df3f520db580"
}
